{
    "m": 0.22232570212491537,
    "b": -0.007049366394737122,
    "threshold": 25,
    "experimental_data": {
        "5": 1.105,
        "0": 0.005,
        "1": 0.227,
        "2": 0.435,
        "3": 0.653,
        "4": 0.873,
        "6": 1.351,
        "8": 1.7530000000000001,
        "10": 2.199,
        "12": 2.665,
        "14": 3.089,
        "18": 4.031,
        "20": 4.421,
        "22": 4.9190000000000005,
        "24": 5.289,
        "26": 5.729,
        "28": 6.238,
        "30": 6.6930000000000005
    },
    "generated": "2018-08-18 16:10:29.980261"
}